"id,name,created_at"
"1,John Doe,2024-12-01"
"2,Jane Smith,2024-12-02"
"3,Sam Green,2024-12-03"
"4,Lily White,2024-12-04"
"5,Chris Black,2024-12-05"
"6,Amy Blue,2024-12-06"
"7,Nick Red,2024-12-07"
"8,Susan Gray,2024-12-08"
"9,Steve Brown,2024-12-09"
"10,Kate Yellow,2024-12-10"
"11,Tom Purple,2024-12-11"
"12,Nina Green,2024-12-12"
"13,Max Green,2024-12-13"
"14,Olivia Black,2024-12-14"
"15,David White,2024-12-15"
"16,Rachel Blue,2024-12-16"
"17,Adam Pink,2024-12-17"
"18,Megan Red,2024-12-18"
"19,Jessica Brown,2024-12-19"
"20,Paul Purple,2024-12-20"
